{
  "levelTimes": {
    "level1Time": 3.4028234663852886e+38,
    "level2Time": 3.4028234663852886e+38,
    "level3Time": 12.174684524536133
  }
}