{
  "levelTimes": {
    "level1Time": 10.241455078125,
    "level2Time": 13.023839950561523,
    "level3Time": 2.91015625
  }
}