{
  "levelTimes": {
    "level1Time": 10.459295272827148,
    "level2Time": 3.4028234663852886e+38,
    "level3Time": 3.4028234663852886e+38
  }
}