{
  "levelTimes": {
    "level1Time": 11.941619873046875,
    "level2Time": 13.71588134765625,
    "level3Time": 10.73565673828125
  }
}